_id,article,name,photo,price,specifications,text,url
b5bbfa7e8a1bbee8d497d6a6dd3d15c35b0d2e4e509a03af1d8576839b7ab241,"[""Арт. 93864625""]","[""Топор СОЮЗ 1015-06-1000С""]","[{""url"":""https://res.cloudinary.com/lmru/image/upload/f_auto,q_auto,w_1200,h_1200,c_pad,b_white,d_photoiscoming.png/LMCode/93864625.jpg"",""path"":""Топор СОЮЗ 1015-06-1000С/93864625.jpg"",""checksum"":""3ec4fcf5f4a343a8f3b85101392b2024"",""status"":""downloaded""}]",[840],"[{""Вес, кг"":""1.2"",""Страна производства"":""Китай"",""Материал ручки"":""Дерево"",""Марка"":""СОЮЗ"",""Гарантия (лет)"":""0."",""Основной материал"":""Сталь"",""Тип продукта"":""Топор""},{""Вес, кг"":""1.2"",""Страна производства"":""Китай"",""Материал ручки"":""Дерево"",""Марка"":""СОЮЗ"",""Гарантия (лет)"":""0."",""Основной материал"":""Сталь"",""Тип продукта"":""Топор""},{""Вес, кг"":""1.2"",""Страна производства"":""Китай"",""Материал ручки"":""Дерево"",""Марка"":""СОЮЗ"",""Гарантия (лет)"":""0."",""Основной материал"":""Сталь"",""Тип продукта"":""Топор""},{""Вес, кг"":""1.2"",""Страна производства"":""Китай"",""Материал ручки"":""Дерево"",""Марка"":""СОЮЗ"",""Гарантия (лет)"":""0."",""Основной материал"":""Сталь"",""Тип продукта"":""Топор""},{""Вес, кг"":""1.2"",""Страна производства"":""Китай"",""Материал ручки"":""Дерево"",""Марка"":""СОЮЗ"",""Гарантия (лет)"":""0."",""Основной материал"":""Сталь"",""Тип продукта"":""Топор""},{""Вес, кг"":""1.2"",""Страна производства"":""Китай"",""Материал ручки"":""Дерево"",""Марка"":""СОЮЗ"",""Гарантия (лет)"":""0."",""Основной материал"":""Сталь"",""Тип продукта"":""Топор""},{""Вес, кг"":""1.2"",""Страна производства"":""Китай"",""Материал ручки"":""Дерево"",""Марка"":""СОЮЗ"",""Гарантия (лет)"":""0."",""Основной материал"":""Сталь"",""Тип продукта"":""Топор""}]","[""1015-06-1000С Топор 1000 гр, ДЕРЕВЯННАЯ РУКОЯТКА, КОВАНАЯ СТАЛЬ СОЮЗ Топор с деревянной рукояткой используется для колки, рубки, тески древесины, вырубке в ней пазов. Его вес обеспечивает большую силу удара при работе. Длительный срок службы и безопасность. Топорище (голова) изготовлено из штампованной инструментальной стали высокого качества. Утолщение у основания рукоятки, покрытое не проскальзывающим лаком, предотвращает соскальзывание ладони при работе. Рукоятка имеет удобную форму, обеспечивает надёжный хват во время работы.""]","[""https://leroymerlin.ru/product/topor-soyuz-1015-06-1000s-93864625/""]"
d7ef5deac6332bd1dbc5e858e1caf56d52e2cd5498a19efd279f667660836720,"[""Арт. 93864623""]","[""Топор СОЮЗ 1015-05-600С""]","[{""url"":""https://res.cloudinary.com/lmru/image/upload/f_auto,q_auto,w_1200,h_1200,c_pad,b_white,d_photoiscoming.png/LMCode/93864623.jpg"",""path"":""Топор СОЮЗ 1015-05-600С/93864623.jpg"",""checksum"":""a8b1100bdac8393dcbb70778d32ba8e5"",""status"":""downloaded""}]",[640],"[{""Вес, кг"":""0.9"",""Страна производства"":""Китай"",""Материал ручки"":""Стекловолокно/Фибергласс"",""Марка"":""СОЮЗ"",""Гарантия (лет)"":""0."",""Основной материал"":""Сталь"",""Тип продукта"":""Топор""},{""Вес, кг"":""0.9"",""Страна производства"":""Китай"",""Материал ручки"":""Стекловолокно/Фибергласс"",""Марка"":""СОЮЗ"",""Гарантия (лет)"":""0."",""Основной материал"":""Сталь"",""Тип продукта"":""Топор""},{""Вес, кг"":""0.9"",""Страна производства"":""Китай"",""Материал ручки"":""Стекловолокно/Фибергласс"",""Марка"":""СОЮЗ"",""Гарантия (лет)"":""0."",""Основной материал"":""Сталь"",""Тип продукта"":""Топор""},{""Вес, кг"":""0.9"",""Страна производства"":""Китай"",""Материал ручки"":""Стекловолокно/Фибергласс"",""Марка"":""СОЮЗ"",""Гарантия (лет)"":""0."",""Основной материал"":""Сталь"",""Тип продукта"":""Топор""},{""Вес, кг"":""0.9"",""Страна производства"":""Китай"",""Материал ручки"":""Стекловолокно/Фибергласс"",""Марка"":""СОЮЗ"",""Гарантия (лет)"":""0."",""Основной материал"":""Сталь"",""Тип продукта"":""Топор""},{""Вес, кг"":""0.9"",""Страна производства"":""Китай"",""Материал ручки"":""Стекловолокно/Фибергласс"",""Марка"":""СОЮЗ"",""Гарантия (лет)"":""0."",""Основной материал"":""Сталь"",""Тип продукта"":""Топор""},{""Вес, кг"":""0.9"",""Страна производства"":""Китай"",""Материал ручки"":""Стекловолокно/Фибергласс"",""Марка"":""СОЮЗ"",""Гарантия (лет)"":""0."",""Основной материал"":""Сталь"",""Тип продукта"":""Топор""}]","[""1015-05-600С Топор 600 гр, ОБРЕЗИНЕННАЯ РУКОЯТКА, ФИБЕРГЛАССОВОЕ ТОПОРИЩЕ СОЮЗ Топор изготовлен из кованой высококачественной стали, что обеспечивает сохранение формы на протяжении всего срока службы. Лезвие  закалено индукционным методом и держит заточку при самых тяжёлых условиях работы. Обрезиненная фиберглассовая рукоятка гасит вибрацию от удара и обеспечивает надёжный захват.""]","[""https://leroymerlin.ru/product/topor-soyuz-1015-05-600s-93864623/""]"
ec74493841dfc59dba5148ce5bc3f8783e282052a38aaca2316dad8e94535e91,"[""Арт. 93829740""]","[""Топор Park 600гр Премиум AXE6PR""]","[{""url"":""https://res.cloudinary.com/lmru/image/upload/f_auto,q_auto,w_1200,h_1200,c_pad,b_white,d_photoiscoming.png/LMCode/93829740.jpg"",""path"":""Топор Park 600гр Премиум AXE6PR/93829740.jpg"",""checksum"":""044c78b99ebd488c97d11e4247c1cef8"",""status"":""downloaded""}]",[630],"[{""Вес, кг"":""1.0"",""Страна производства"":""Китай"",""Материал ручки"":""Пластик"",""Марка"":""PARK"",""Гарантия (лет)"":""0."",""Основной материал"":""Сталь"",""Тип продукта"":""Топор""},{""Вес, кг"":""1.0"",""Страна производства"":""Китай"",""Материал ручки"":""Пластик"",""Марка"":""PARK"",""Гарантия (лет)"":""0."",""Основной материал"":""Сталь"",""Тип продукта"":""Топор""},{""Вес, кг"":""1.0"",""Страна производства"":""Китай"",""Материал ручки"":""Пластик"",""Марка"":""PARK"",""Гарантия (лет)"":""0."",""Основной материал"":""Сталь"",""Тип продукта"":""Топор""},{""Вес, кг"":""1.0"",""Страна производства"":""Китай"",""Материал ручки"":""Пластик"",""Марка"":""PARK"",""Гарантия (лет)"":""0."",""Основной материал"":""Сталь"",""Тип продукта"":""Топор""},{""Вес, кг"":""1.0"",""Страна производства"":""Китай"",""Материал ручки"":""Пластик"",""Марка"":""PARK"",""Гарантия (лет)"":""0."",""Основной материал"":""Сталь"",""Тип продукта"":""Топор""},{""Вес, кг"":""1.0"",""Страна производства"":""Китай"",""Материал ручки"":""Пластик"",""Марка"":""PARK"",""Гарантия (лет)"":""0."",""Основной материал"":""Сталь"",""Тип продукта"":""Топор""},{""Вес, кг"":""1.0"",""Страна производства"":""Китай"",""Материал ручки"":""Пластик"",""Марка"":""PARK"",""Гарантия (лет)"":""0."",""Основной материал"":""Сталь"",""Тип продукта"":""Топор""}]","[""Материалы: боек —   закаленная кованая сталь; рукоятка — пластик + фибергласс + термопластичная резина.\nДлина рукоятки — 360 мм.\nЭргономичная фиберглассовая рукоять усилена пластиком. Вставка из термопластичной износоустойчивой\nрезины не даёт скользить рукам во время работы, обеспечивает комфортный захват инструмента.\nСкругленное лезвие имеет большую длину, так что помимо рубящего удара присутствует и режущая составляющая.\nПредназначен для рубки, колки и тески древесины при проведении плотничных работ.\nЛезвие топора защищено специальной накладкой\nБез упаковки.""]","[""https://leroymerlin.ru/product/topor-park-600gr-premium-axe6pr-93829740/""]"
60c0a90b569879c8ecfc982cded3bedad3f47b51406200932ba194b78c3c50ac,"[""Арт. 93864628""]","[""Топор Sturm! 1015-06-FR0600""]","[{""url"":""https://res.cloudinary.com/lmru/image/upload/f_auto,q_auto,w_1200,h_1200,c_pad,b_white,d_photoiscoming.png/LMCode/93864628.jpg"",""path"":""Топор Sturm! 1015-06-FR0600/93864628.jpg"",""checksum"":""d2b809ab4c07f2fb51a6585a5ad76139"",""status"":""downloaded""},{""url"":""https://res.cloudinary.com/lmru/image/upload/f_auto,q_auto,w_1200,h_1200,c_pad,b_white,d_photoiscoming.png/LMCode/93864628_01.jpg"",""path"":""Топор Sturm! 1015-06-FR0600/93864628_01.jpg"",""checksum"":""9d76eb64cd19c957768a51b3a0f670d1"",""status"":""downloaded""}]",[790],"[{""Вес, кг"":""0.3"",""Страна производства"":""Китай"",""Материал ручки"":""Стекловолокно/Фибергласс"",""Марка"":""STURM!"",""Гарантия (лет)"":""0."",""Основной материал"":""Сталь"",""Тип продукта"":""Топор""},{""Вес, кг"":""0.3"",""Страна производства"":""Китай"",""Материал ручки"":""Стекловолокно/Фибергласс"",""Марка"":""STURM!"",""Гарантия (лет)"":""0."",""Основной материал"":""Сталь"",""Тип продукта"":""Топор""},{""Вес, кг"":""0.3"",""Страна производства"":""Китай"",""Материал ручки"":""Стекловолокно/Фибергласс"",""Марка"":""STURM!"",""Гарантия (лет)"":""0."",""Основной материал"":""Сталь"",""Тип продукта"":""Топор""},{""Вес, кг"":""0.3"",""Страна производства"":""Китай"",""Материал ручки"":""Стекловолокно/Фибергласс"",""Марка"":""STURM!"",""Гарантия (лет)"":""0."",""Основной материал"":""Сталь"",""Тип продукта"":""Топор""},{""Вес, кг"":""0.3"",""Страна производства"":""Китай"",""Материал ручки"":""Стекловолокно/Фибергласс"",""Марка"":""STURM!"",""Гарантия (лет)"":""0."",""Основной материал"":""Сталь"",""Тип продукта"":""Топор""},{""Вес, кг"":""0.3"",""Страна производства"":""Китай"",""Материал ручки"":""Стекловолокно/Фибергласс"",""Марка"":""STURM!"",""Гарантия (лет)"":""0."",""Основной материал"":""Сталь"",""Тип продукта"":""Топор""},{""Вес, кг"":""0.3"",""Страна производства"":""Китай"",""Материал ручки"":""Стекловолокно/Фибергласс"",""Марка"":""STURM!"",""Гарантия (лет)"":""0."",""Основной материал"":""Сталь"",""Тип продукта"":""Топор""}]","[""1015-06-FR0600 Топор 600г. Кованый боек, полностью обрезин. рукоятка Sturm! Топор изготовлен из кованой высококачественной стали, что обеспечивает сохранение формы на протяжении всего срока службы. Усиленное лезвие  закалено индукционным методом и держит заточку при самых тяжёлых условиях работы. Полностью обрезиненная фиберглассовая рукоятка гасит вибрацию от удара и обеспечивает надёжный захват по всей длине. Специальное порошковое антикоррозионное покрытие топора увеличивает срок службы инструмента.""]","[""https://leroymerlin.ru/product/topor-sturm-1015-06-fr0600-93864628/""]"
7dab4e43ddd4723335cc9ad9b994aa93abfcb124c1642a133787b103c7c7bdc1,"[""Арт. 93864631""]","[""Топор Sturm! 1015-07-600""]","[{""url"":""https://res.cloudinary.com/lmru/image/upload/f_auto,q_auto,w_1200,h_1200,c_pad,b_white,d_photoiscoming.png/LMCode/93864631.jpg"",""path"":""Топор Sturm! 1015-07-600/93864631.jpg"",""checksum"":""0552ae84e701bed7acce0c13ec6410de"",""status"":""downloaded""}]",[870],"[{""Вес, кг"":""1.0"",""Страна производства"":""Китай"",""Материал ручки"":""Стекловолокно/Фибергласс"",""Марка"":""STURM!"",""Гарантия (лет)"":""0."",""Основной материал"":""Сталь"",""Тип продукта"":""Топор""},{""Вес, кг"":""1.0"",""Страна производства"":""Китай"",""Материал ручки"":""Стекловолокно/Фибергласс"",""Марка"":""STURM!"",""Гарантия (лет)"":""0."",""Основной материал"":""Сталь"",""Тип продукта"":""Топор""},{""Вес, кг"":""1.0"",""Страна производства"":""Китай"",""Материал ручки"":""Стекловолокно/Фибергласс"",""Марка"":""STURM!"",""Гарантия (лет)"":""0."",""Основной материал"":""Сталь"",""Тип продукта"":""Топор""},{""Вес, кг"":""1.0"",""Страна производства"":""Китай"",""Материал ручки"":""Стекловолокно/Фибергласс"",""Марка"":""STURM!"",""Гарантия (лет)"":""0."",""Основной материал"":""Сталь"",""Тип продукта"":""Топор""},{""Вес, кг"":""1.0"",""Страна производства"":""Китай"",""Материал ручки"":""Стекловолокно/Фибергласс"",""Марка"":""STURM!"",""Гарантия (лет)"":""0."",""Основной материал"":""Сталь"",""Тип продукта"":""Топор""},{""Вес, кг"":""1.0"",""Страна производства"":""Китай"",""Материал ручки"":""Стекловолокно/Фибергласс"",""Марка"":""STURM!"",""Гарантия (лет)"":""0."",""Основной материал"":""Сталь"",""Тип продукта"":""Топор""},{""Вес, кг"":""1.0"",""Страна производства"":""Китай"",""Материал ручки"":""Стекловолокно/Фибергласс"",""Марка"":""STURM!"",""Гарантия (лет)"":""0."",""Основной материал"":""Сталь"",""Тип продукта"":""Топор""}]","[""1015-07-600 Топор 600 гр, ''Tomahawk'', ФИБЕРГЛАССОВОЕ ТОПОРИЩЕ Sturm! Топор изготовлен из кованой высококачественной стали, что обеспечивает сохранение формы на протяжении всего срока службы. Усиленное лезвие  закалено индукционным методом и держит заточку при самых тяжёлых условиях работы. Обрезиненная фиберглассовая рукоятка гасит вибрацию от удара и обеспечивает надёжный захват. Специальное порошковое антикоррозионное покрытие топора увеличивает срок службы инструмента.""]","[""https://leroymerlin.ru/product/topor-sturm-1015-07-600-93864631/""]"
bb99aecacfded00a5f3342972e2c7553f8063bc7d5f6ab1b276d6a095ff076f6,"[""Арт. 93864624""]","[""Топор СОЮЗ 1015-05-800С""]","[{""url"":""https://res.cloudinary.com/lmru/image/upload/f_auto,q_auto,w_1200,h_1200,c_pad,b_white,d_photoiscoming.png/LMCode/93864624.jpg"",""path"":""Топор СОЮЗ 1015-05-800С/93864624.jpg"",""checksum"":""be5ebc46ae5167e096000ca172f6a7ac"",""status"":""downloaded""}]",[770],"[{""Вес, кг"":""1.1"",""Страна производства"":""Китай"",""Материал ручки"":""Стекловолокно/Фибергласс"",""Марка"":""СОЮЗ"",""Гарантия (лет)"":""0."",""Основной материал"":""Сталь"",""Тип продукта"":""Топор""},{""Вес, кг"":""1.1"",""Страна производства"":""Китай"",""Материал ручки"":""Стекловолокно/Фибергласс"",""Марка"":""СОЮЗ"",""Гарантия (лет)"":""0."",""Основной материал"":""Сталь"",""Тип продукта"":""Топор""},{""Вес, кг"":""1.1"",""Страна производства"":""Китай"",""Материал ручки"":""Стекловолокно/Фибергласс"",""Марка"":""СОЮЗ"",""Гарантия (лет)"":""0."",""Основной материал"":""Сталь"",""Тип продукта"":""Топор""},{""Вес, кг"":""1.1"",""Страна производства"":""Китай"",""Материал ручки"":""Стекловолокно/Фибергласс"",""Марка"":""СОЮЗ"",""Гарантия (лет)"":""0."",""Основной материал"":""Сталь"",""Тип продукта"":""Топор""},{""Вес, кг"":""1.1"",""Страна производства"":""Китай"",""Материал ручки"":""Стекловолокно/Фибергласс"",""Марка"":""СОЮЗ"",""Гарантия (лет)"":""0."",""Основной материал"":""Сталь"",""Тип продукта"":""Топор""},{""Вес, кг"":""1.1"",""Страна производства"":""Китай"",""Материал ручки"":""Стекловолокно/Фибергласс"",""Марка"":""СОЮЗ"",""Гарантия (лет)"":""0."",""Основной материал"":""Сталь"",""Тип продукта"":""Топор""},{""Вес, кг"":""1.1"",""Страна производства"":""Китай"",""Материал ручки"":""Стекловолокно/Фибергласс"",""Марка"":""СОЮЗ"",""Гарантия (лет)"":""0."",""Основной материал"":""Сталь"",""Тип продукта"":""Топор""}]","[""1015-05-800С Топор 800 гр, ОБРЕЗИНЕННАЯ РУКОЯТКА, ФИБЕРГЛАССОВОЕ ТОПОРИЩЕ СОЮЗ Топор изготовлен из кованой высококачественной стали, что обеспечивает сохранение формы на протяжении всего срока службы. Лезвие  закалено индукционным методом и держит заточку при самых тяжёлых условиях работы. Обрезиненная фиберглассовая рукоятка гасит вибрацию от удара и обеспечивает надёжный захват.""]","[""https://leroymerlin.ru/product/topor-soyuz-1015-05-800s-93864624/""]"
521fca171f5b181b57994b7e01f280b1af96c6a8a352c3da7559c88a93edee90,"[""Арт. 93864629""]","[""Топор Sturm! 1015-06-FR0800""]","[{""url"":""https://res.cloudinary.com/lmru/image/upload/f_auto,q_auto,w_1200,h_1200,c_pad,b_white,d_photoiscoming.png/LMCode/93864629.jpg"",""path"":""Топор Sturm! 1015-06-FR0800/93864629.jpg"",""checksum"":""37965e9880666594537040dc8bb021c2"",""status"":""downloaded""},{""url"":""https://res.cloudinary.com/lmru/image/upload/f_auto,q_auto,w_1200,h_1200,c_pad,b_white,d_photoiscoming.png/LMCode/93864629_01.jpg"",""path"":""Топор Sturm! 1015-06-FR0800/93864629_01.jpg"",""checksum"":""11ce19d07ff2c36cfcc290f111c2a109"",""status"":""downloaded""}]",[880],"[{""Вес, кг"":""1.2"",""Страна производства"":""Китай"",""Материал ручки"":""Стекловолокно/Фибергласс"",""Марка"":""STURM!"",""Гарантия (лет)"":""0."",""Основной материал"":""Сталь"",""Тип продукта"":""Топор""},{""Вес, кг"":""1.2"",""Страна производства"":""Китай"",""Материал ручки"":""Стекловолокно/Фибергласс"",""Марка"":""STURM!"",""Гарантия (лет)"":""0."",""Основной материал"":""Сталь"",""Тип продукта"":""Топор""},{""Вес, кг"":""1.2"",""Страна производства"":""Китай"",""Материал ручки"":""Стекловолокно/Фибергласс"",""Марка"":""STURM!"",""Гарантия (лет)"":""0."",""Основной материал"":""Сталь"",""Тип продукта"":""Топор""},{""Вес, кг"":""1.2"",""Страна производства"":""Китай"",""Материал ручки"":""Стекловолокно/Фибергласс"",""Марка"":""STURM!"",""Гарантия (лет)"":""0."",""Основной материал"":""Сталь"",""Тип продукта"":""Топор""},{""Вес, кг"":""1.2"",""Страна производства"":""Китай"",""Материал ручки"":""Стекловолокно/Фибергласс"",""Марка"":""STURM!"",""Гарантия (лет)"":""0."",""Основной материал"":""Сталь"",""Тип продукта"":""Топор""},{""Вес, кг"":""1.2"",""Страна производства"":""Китай"",""Материал ручки"":""Стекловолокно/Фибергласс"",""Марка"":""STURM!"",""Гарантия (лет)"":""0."",""Основной материал"":""Сталь"",""Тип продукта"":""Топор""},{""Вес, кг"":""1.2"",""Страна производства"":""Китай"",""Материал ручки"":""Стекловолокно/Фибергласс"",""Марка"":""STURM!"",""Гарантия (лет)"":""0."",""Основной материал"":""Сталь"",""Тип продукта"":""Топор""}]","[""1015-06-FR0800 Топор 800г. Кованый боек, полностью обрезин. рукоятка Sturm! Топор изготовлен из кованой высококачественной стали, что обеспечивает сохранение формы на протяжении всего срока службы. Усиленное лезвие  закалено индукционным методом и держит заточку при самых тяжёлых условиях работы. Полностью обрезиненная фиберглассовая рукоятка гасит вибрацию от удара и обеспечивает надёжный захват по всей длине. Специальное порошковое антикоррозионное покрытие топора увеличивает срок службы инструмента.""]","[""https://leroymerlin.ru/product/topor-sturm-1015-06-fr0800-93864629/""]"
d9c4f089fe405b7f12161a34d2f52f54dc6d204429daa2cf94798c2a6d553c85,"[""Арт. 93864626""]","[""Топор СОЮЗ 1015-06-600С""]","[{""url"":""https://res.cloudinary.com/lmru/image/upload/f_auto,q_auto,w_1200,h_1200,c_pad,b_white,d_photoiscoming.png/LMCode/93864626.jpg"",""path"":""Топор СОЮЗ 1015-06-600С/93864626.jpg"",""checksum"":""d85af16f250be1a5e342f80b0fa6e925"",""status"":""downloaded""}]",[620],"[{""Вес, кг"":""0.9"",""Страна производства"":""Китай"",""Материал ручки"":""Дерево"",""Марка"":""СОЮЗ"",""Гарантия (лет)"":""0."",""Основной материал"":""Сталь"",""Тип продукта"":""Топор""},{""Вес, кг"":""0.9"",""Страна производства"":""Китай"",""Материал ручки"":""Дерево"",""Марка"":""СОЮЗ"",""Гарантия (лет)"":""0."",""Основной материал"":""Сталь"",""Тип продукта"":""Топор""},{""Вес, кг"":""0.9"",""Страна производства"":""Китай"",""Материал ручки"":""Дерево"",""Марка"":""СОЮЗ"",""Гарантия (лет)"":""0."",""Основной материал"":""Сталь"",""Тип продукта"":""Топор""},{""Вес, кг"":""0.9"",""Страна производства"":""Китай"",""Материал ручки"":""Дерево"",""Марка"":""СОЮЗ"",""Гарантия (лет)"":""0."",""Основной материал"":""Сталь"",""Тип продукта"":""Топор""},{""Вес, кг"":""0.9"",""Страна производства"":""Китай"",""Материал ручки"":""Дерево"",""Марка"":""СОЮЗ"",""Гарантия (лет)"":""0."",""Основной материал"":""Сталь"",""Тип продукта"":""Топор""},{""Вес, кг"":""0.9"",""Страна производства"":""Китай"",""Материал ручки"":""Дерево"",""Марка"":""СОЮЗ"",""Гарантия (лет)"":""0."",""Основной материал"":""Сталь"",""Тип продукта"":""Топор""},{""Вес, кг"":""0.9"",""Страна производства"":""Китай"",""Материал ручки"":""Дерево"",""Марка"":""СОЮЗ"",""Гарантия (лет)"":""0."",""Основной материал"":""Сталь"",""Тип продукта"":""Топор""}]","[""015-06-600С Топор 600 гр, ДЕРЕВЯННАЯ РУКОЯТКА, КОВАНАЯ СТАЛЬ СОЮЗ Топор с деревянной рукояткой используется для колки, рубки, тески древесины, вырубке в ней пазов. Его вес обеспечивает большую силу удара при работе. Длительный срок службы и безопасность. Топорище (голова) изготовлено из штампованной инструментальной стали высокого качества. Утолщение у основания рукоятки, покрытое не проскальзывающим лаком, предотвращает соскальзывание ладони при работе. Рукоятка имеет удобную форму, обеспечивает надёжный хват во время работы.""]","[""https://leroymerlin.ru/product/topor-soyuz-1015-06-600s-93864626/""]"
0ca4a5f5538079865bfe7485a5e2aaf6c60469125df3bd4a1a881f5831cb6e49,"[""Арт. 93907678""]","[""Топор Kraftool 20660-05""]","[{""url"":""https://res.cloudinary.com/lmru/image/upload/f_auto,q_auto,w_1200,h_1200,c_pad,b_white,d_photoiscoming.png/LMCode/93907678.jpg"",""path"":""Топор Kraftool 20660-05/93907678.jpg"",""checksum"":""612a699e1b61fb455e5fc65b75d59a50"",""status"":""downloaded""},{""url"":""https://res.cloudinary.com/lmru/image/upload/f_auto,q_auto,w_1200,h_1200,c_pad,b_white,d_photoiscoming.png/LMCode/93907678_01.jpg"",""path"":""Топор Kraftool 20660-05/93907678_01.jpg"",""checksum"":""b445bd4172a62ef637ff73a1544646ce"",""status"":""downloaded""},{""url"":""https://res.cloudinary.com/lmru/image/upload/f_auto,q_auto,w_1200,h_1200,c_pad,b_white,d_photoiscoming.png/LMCode/93907678_02.jpg"",""path"":""Топор Kraftool 20660-05/93907678_02.jpg"",""checksum"":""69f53e48685e504e9c4de1103bc29971"",""status"":""downloaded""},{""url"":""https://res.cloudinary.com/lmru/image/upload/f_auto,q_auto,w_1200,h_1200,c_pad,b_white,d_photoiscoming.png/LMCode/93907678_03.jpg"",""path"":""Топор Kraftool 20660-05/93907678_03.jpg"",""checksum"":""9ecfee84f99e1802b1ec427cfe814019"",""status"":""downloaded""}]",[1936],"[{""Вес, кг"":""0.6"",""Страна производства"":""Китай"",""Материал ручки"":""Нейлон"",""Марка"":""KRAFTOOL"",""Гарантия (лет)"":""1."",""Основной материал"":""Инструментальная сталь"",""Тип продукта"":""Топор""},{""Вес, кг"":""0.6"",""Страна производства"":""Китай"",""Материал ручки"":""Нейлон"",""Марка"":""KRAFTOOL"",""Гарантия (лет)"":""1."",""Основной материал"":""Инструментальная сталь"",""Тип продукта"":""Топор""},{""Вес, кг"":""0.6"",""Страна производства"":""Китай"",""Материал ручки"":""Нейлон"",""Марка"":""KRAFTOOL"",""Гарантия (лет)"":""1."",""Основной материал"":""Инструментальная сталь"",""Тип продукта"":""Топор""},{""Вес, кг"":""0.6"",""Страна производства"":""Китай"",""Материал ручки"":""Нейлон"",""Марка"":""KRAFTOOL"",""Гарантия (лет)"":""1."",""Основной материал"":""Инструментальная сталь"",""Тип продукта"":""Топор""},{""Вес, кг"":""0.6"",""Страна производства"":""Китай"",""Материал ручки"":""Нейлон"",""Марка"":""KRAFTOOL"",""Гарантия (лет)"":""1."",""Основной материал"":""Инструментальная сталь"",""Тип продукта"":""Топор""},{""Вес, кг"":""0.6"",""Страна производства"":""Китай"",""Материал ручки"":""Нейлон"",""Марка"":""KRAFTOOL"",""Гарантия (лет)"":""1."",""Основной материал"":""Инструментальная сталь"",""Тип продукта"":""Топор""},{""Вес, кг"":""0.6"",""Страна производства"":""Китай"",""Материал ручки"":""Нейлон"",""Марка"":""KRAFTOOL"",""Гарантия (лет)"":""1."",""Основной материал"":""Инструментальная сталь"",""Тип продукта"":""Топор""}]","[""Топор Kraftool 20660-05, предназначен для всех видов плотницких работ. Топор финского типа с рукояткой из армированного нейлона X-Fiber с технологией фиксации головы FixBelt и морозоустойчивой технологией PolarTech - профессиональный инструмент для рубки, колки и тески древесины при агрессивных погодных условиях, морозоустойчивость до -30С.""]","[""https://leroymerlin.ru/product/topor-kraftool-20660-05-93907678/""]"
a3bf19140214403a4e4602255fd5e417e291a3c3c6a4bb3c640b2dd8cecb2f0b,"[""Арт. 82145049""]","[""Топор Новасад, 600 г, деревянная ручка""]","[{""url"":""https://res.cloudinary.com/lmru/image/upload/f_auto,q_auto,w_1200,h_1200,c_pad,b_white,d_photoiscoming.png/LMCode/82145049.jpg"",""path"":""Топор Новасад, 600 г, деревянная ручка/82145049.jpg"",""checksum"":""7e18d54d7d4081748e81dd8bc41ae3cc"",""status"":""downloaded""},{""url"":""https://res.cloudinary.com/lmru/image/upload/f_auto,q_auto,w_1200,h_1200,c_pad,b_white,d_photoiscoming.png/LMCode/82145049_01.jpg"",""path"":""Топор Новасад, 600 г, деревянная ручка/82145049_01.jpg"",""checksum"":""56c84af0b72faf1c9162ecb01a8cb4b3"",""status"":""downloaded""}]",[621],"[{""Вес, кг"":""0.824"",""Страна производства"":""Китай"",""Марка"":""НОВАСАД"",""Гарантия (лет)"":""1"",""Основной материал"":""Металл"",""Ручка"":""Да"",""Тип продукта"":""Топор""},{""Вес, кг"":""0.824"",""Страна производства"":""Китай"",""Марка"":""НОВАСАД"",""Гарантия (лет)"":""1"",""Основной материал"":""Металл"",""Ручка"":""Да"",""Тип продукта"":""Топор""},{""Вес, кг"":""0.824"",""Страна производства"":""Китай"",""Марка"":""НОВАСАД"",""Гарантия (лет)"":""1"",""Основной материал"":""Металл"",""Ручка"":""Да"",""Тип продукта"":""Топор""},{""Вес, кг"":""0.824"",""Страна производства"":""Китай"",""Марка"":""НОВАСАД"",""Гарантия (лет)"":""1"",""Основной материал"":""Металл"",""Ручка"":""Да"",""Тип продукта"":""Топор""},{""Вес, кг"":""0.824"",""Страна производства"":""Китай"",""Марка"":""НОВАСАД"",""Гарантия (лет)"":""1"",""Основной материал"":""Металл"",""Ручка"":""Да"",""Тип продукта"":""Топор""},{""Вес, кг"":""0.824"",""Страна производства"":""Китай"",""Марка"":""НОВАСАД"",""Гарантия (лет)"":""1"",""Основной материал"":""Металл"",""Ручка"":""Да"",""Тип продукта"":""Топор""},{""Вес, кг"":""0.824"",""Страна производства"":""Китай"",""Марка"":""НОВАСАД"",""Гарантия (лет)"":""1"",""Основной материал"":""Металл"",""Ручка"":""Да"",""Тип продукта"":""Топор""}]","["" — это небольшой, легкий, хорошо сбалансированный садовый топор с деревянным топорищем классической формы. Металлическая часть выполнена из закаленной стали и покрыта черной краской, предохраняющей от коррозии. Вес инструмента — 800 г.""]","[""https://leroymerlin.ru/product/topor-novasad-82145049/""]"
c6b9281677b28b6158652df3d11f51a2a727ce9090b646e9435f179a43a364cc,"[""Арт. 82145048""]","[""Мачете садовое Новасад 50 см""]","[{""url"":""https://res.cloudinary.com/lmru/image/upload/f_auto,q_auto,w_1200,h_1200,c_pad,b_white,d_photoiscoming.png/LMCode/82145048.jpg"",""path"":""Мачете садовое Новасад 50 см/82145048.jpg"",""checksum"":""8adca0cc0fb723ca0d25a2890dfcd147"",""status"":""downloaded""},{""url"":""https://res.cloudinary.com/lmru/image/upload/f_auto,q_auto,w_1200,h_1200,c_pad,b_white,d_photoiscoming.png/LMCode/82145048_01.jpg"",""path"":""Мачете садовое Новасад 50 см/82145048_01.jpg"",""checksum"":""fb16787179b70dcc8efbb462535a06d2"",""status"":""downloaded""}]",[951],"[{""Вес, кг"":""0.554"",""Страна производства"":""Китай"",""Марка"":""НОВАСАД"",""Гарантия (лет)"":""1"",""Основной материал"":""Металл"",""Ручка"":""Да""},{""Вес, кг"":""0.554"",""Страна производства"":""Китай"",""Марка"":""НОВАСАД"",""Гарантия (лет)"":""1"",""Основной материал"":""Металл"",""Ручка"":""Да""},{""Вес, кг"":""0.554"",""Страна производства"":""Китай"",""Марка"":""НОВАСАД"",""Гарантия (лет)"":""1"",""Основной материал"":""Металл"",""Ручка"":""Да""},{""Вес, кг"":""0.554"",""Страна производства"":""Китай"",""Марка"":""НОВАСАД"",""Гарантия (лет)"":""1"",""Основной материал"":""Металл"",""Ручка"":""Да""},{""Вес, кг"":""0.554"",""Страна производства"":""Китай"",""Марка"":""НОВАСАД"",""Гарантия (лет)"":""1"",""Основной материал"":""Металл"",""Ручка"":""Да""},{""Вес, кг"":""0.554"",""Страна производства"":""Китай"",""Марка"":""НОВАСАД"",""Гарантия (лет)"":""1"",""Основной материал"":""Металл"",""Ручка"":""Да""}]","["" — серповидный нож длиной 0,5 м. Используется для удаления на садовом участке высокой травы, крапивы, сорняка, дикорастущего кустарника, а также для прокладывания в лесных зарослях пути. Ручка мачете пластмассовая, лезвие изготовлено из углеродистой стали и заточено с внутренней стороны. У торцового изгиба — шестигранное отверстие. Вес инструмента — 0,58 кг. Гарантия на товар — 12 месяцев.""]","[""https://leroymerlin.ru/product/machete-sadovoe-novasad-50-sm-82145048/""]"
7d0547e160d268c425501eb1143eece518c21c40b2d6e47c40fbf7450b8841f9,"[""Арт. 14262562""]","[""Топор универсальный 0.6 кг, деревянная ручка""]","[{""url"":""https://res.cloudinary.com/lmru/image/upload/f_auto,q_auto,w_1200,h_1200,c_pad,b_white,d_photoiscoming.png/LMCode/14262562.jpg"",""path"":""Топор универсальный 0.6 кг, деревянная ручка/14262562.jpg"",""checksum"":""60b2a6f6eb9f0832cdf63a89799335b1"",""status"":""downloaded""},{""url"":""https://res.cloudinary.com/lmru/image/upload/f_auto,q_auto,w_1200,h_1200,c_pad,b_white,d_photoiscoming.png/LMCode/14262562_01.jpg"",""path"":""Топор универсальный 0.6 кг, деревянная ручка/14262562_01.jpg"",""checksum"":""106e5c2c4a74c1e1061ddb9def189797"",""status"":""downloaded""},{""url"":""https://res.cloudinary.com/lmru/image/upload/f_auto,q_auto,w_1200,h_1200,c_pad,b_white,d_photoiscoming.png/LMCode/14262562_02.jpg"",""path"":""Топор универсальный 0.6 кг, деревянная ручка/14262562_02.jpg"",""checksum"":""0b30779115110498974dd7e731309727"",""status"":""downloaded""},{""url"":""https://res.cloudinary.com/lmru/image/upload/f_auto,q_auto,w_1200,h_1200,c_pad,b_white,d_photoiscoming.png/LMCode/14262562_03.jpg"",""path"":""Топор универсальный 0.6 кг, деревянная ручка/14262562_03.jpg"",""checksum"":""211bf74a3a5e437813cad76dcd3dc92d"",""status"":""downloaded""}]",[265],"[{""Вес, кг"":""0.765"",""Страна производства"":""Китай"",""Длина ручки (см)"":""3.9"",""Гарантия (лет)"":""0"",""Тип продукта"":""Колун""},{""Вес, кг"":""0.765"",""Страна производства"":""Китай"",""Длина ручки (см)"":""3.9"",""Гарантия (лет)"":""0"",""Тип продукта"":""Колун""},{""Вес, кг"":""0.765"",""Страна производства"":""Китай"",""Длина ручки (см)"":""3.9"",""Гарантия (лет)"":""0"",""Тип продукта"":""Колун""},{""Вес, кг"":""0.765"",""Страна производства"":""Китай"",""Длина ручки (см)"":""3.9"",""Гарантия (лет)"":""0"",""Тип продукта"":""Колун""},{""Вес, кг"":""0.765"",""Страна производства"":""Китай"",""Длина ручки (см)"":""3.9"",""Гарантия (лет)"":""0"",""Тип продукта"":""Колун""}]","[""Топор с деревянной ручкой — компактный ручной инструмент, который обязательно должен быть в арсенале хозяина дачного, садового или приусадебного участка. С его помощью можно выполнить массу полезных дел: наколоть дрова, срубить сухую ветку дерева, обтесать древесину, расчистить заросли и прочее. Благодаря удобному топорищу и сравнительно небольшому весу можно наносить удары одной рукой. Рабочая часть топора обработана красным битумным лаком."",""Преимущества:""]","[""https://leroymerlin.ru/product/topor-universalnyy-0-6-kg-14262562/""]"
da8e066d2b41fa01db75cbfa81476aaca61db436aa61006286170afba8d836ba,"[""Арт. 93864642""]","[""Топор Sturm! 1015-52-WD0800""]","[{""url"":""https://res.cloudinary.com/lmru/image/upload/f_auto,q_auto,w_1200,h_1200,c_pad,b_white,d_photoiscoming.png/LMCode/93864642.jpg"",""path"":""Топор Sturm! 1015-52-WD0800/93864642.jpg"",""checksum"":""48ef029a07cb92831d2db338bf26c223"",""status"":""downloaded""}]",[750],"[{""Вес, кг"":""1.0"",""Страна производства"":""Китай"",""Материал ручки"":""Дерево"",""Марка"":""STURM!"",""Гарантия (лет)"":""0."",""Основной материал"":""Сталь"",""Тип продукта"":""Топор""},{""Вес, кг"":""1.0"",""Страна производства"":""Китай"",""Материал ручки"":""Дерево"",""Марка"":""STURM!"",""Гарантия (лет)"":""0."",""Основной материал"":""Сталь"",""Тип продукта"":""Топор""},{""Вес, кг"":""1.0"",""Страна производства"":""Китай"",""Материал ручки"":""Дерево"",""Марка"":""STURM!"",""Гарантия (лет)"":""0."",""Основной материал"":""Сталь"",""Тип продукта"":""Топор""},{""Вес, кг"":""1.0"",""Страна производства"":""Китай"",""Материал ручки"":""Дерево"",""Марка"":""STURM!"",""Гарантия (лет)"":""0."",""Основной материал"":""Сталь"",""Тип продукта"":""Топор""},{""Вес, кг"":""1.0"",""Страна производства"":""Китай"",""Материал ручки"":""Дерево"",""Марка"":""STURM!"",""Гарантия (лет)"":""0."",""Основной материал"":""Сталь"",""Тип продукта"":""Топор""},{""Вес, кг"":""1.0"",""Страна производства"":""Китай"",""Материал ручки"":""Дерево"",""Марка"":""STURM!"",""Гарантия (лет)"":""0."",""Основной материал"":""Сталь"",""Тип продукта"":""Топор""},{""Вес, кг"":""1.0"",""Страна производства"":""Китай"",""Материал ручки"":""Дерево"",""Марка"":""STURM!"",""Гарантия (лет)"":""0."",""Основной материал"":""Сталь"",""Тип продукта"":""Топор""}]","[""1015-52-WD0800 Топор 800г. Кованый боек, деревянная рукоятка Sturm! Топор изготовлен из кованой высококачественной стали, что обеспечивает сохранение формы на протяжении всего срока службы. Лезвие  закалено индукционным методом и держит заточку при самых тяжёлых условиях работы. Деревянная рукоятка покрыта лаком, что защищает поверхность от загрязнения и снижает вероятность выскальзывания инструмента. Специальное порошковое антикоррозионное покрытие топора увеличивает срок службы инструмента.""]","[""https://leroymerlin.ru/product/topor-sturm-1015-52-wd0800-93864642/""]"
53d32314046b23abf1226f9f4c0705584e21d2d16396d57f3e554ffcc7c9132b,"[""Арт. 93864630""]","[""Топор Sturm! 1015-07-1000""]","[{""url"":""https://res.cloudinary.com/lmru/image/upload/f_auto,q_auto,w_1200,h_1200,c_pad,b_white,d_photoiscoming.png/LMCode/93864630.jpg"",""path"":""Топор Sturm! 1015-07-1000/93864630.jpg"",""checksum"":""1121a0c88c83427b4a5db7063d93f677"",""status"":""downloaded""}]",[1020],"[{""Вес, кг"":""1.4"",""Страна производства"":""Китай"",""Материал ручки"":""Стекловолокно/Фибергласс"",""Марка"":""STURM!"",""Гарантия (лет)"":""0."",""Основной материал"":""Сталь"",""Тип продукта"":""Топор""},{""Вес, кг"":""1.4"",""Страна производства"":""Китай"",""Материал ручки"":""Стекловолокно/Фибергласс"",""Марка"":""STURM!"",""Гарантия (лет)"":""0."",""Основной материал"":""Сталь"",""Тип продукта"":""Топор""},{""Вес, кг"":""1.4"",""Страна производства"":""Китай"",""Материал ручки"":""Стекловолокно/Фибергласс"",""Марка"":""STURM!"",""Гарантия (лет)"":""0."",""Основной материал"":""Сталь"",""Тип продукта"":""Топор""},{""Вес, кг"":""1.4"",""Страна производства"":""Китай"",""Материал ручки"":""Стекловолокно/Фибергласс"",""Марка"":""STURM!"",""Гарантия (лет)"":""0."",""Основной материал"":""Сталь"",""Тип продукта"":""Топор""},{""Вес, кг"":""1.4"",""Страна производства"":""Китай"",""Материал ручки"":""Стекловолокно/Фибергласс"",""Марка"":""STURM!"",""Гарантия (лет)"":""0."",""Основной материал"":""Сталь"",""Тип продукта"":""Топор""},{""Вес, кг"":""1.4"",""Страна производства"":""Китай"",""Материал ручки"":""Стекловолокно/Фибергласс"",""Марка"":""STURM!"",""Гарантия (лет)"":""0."",""Основной материал"":""Сталь"",""Тип продукта"":""Топор""},{""Вес, кг"":""1.4"",""Страна производства"":""Китай"",""Материал ручки"":""Стекловолокно/Фибергласс"",""Марка"":""STURM!"",""Гарантия (лет)"":""0."",""Основной материал"":""Сталь"",""Тип продукта"":""Топор""}]","[""1015-07-1000 Топор 1000 гр, ''Tomahawk'', ФИБЕРГЛАССОВОЕ ТОПОРИЩЕ Sturm! Топор изготовлен из кованой высококачественной стали, что обеспечивает сохранение формы на протяжении всего срока службы. Усиленное лезвие  закалено индукционным методом и держит заточку при самых тяжёлых условиях работы. Обрезиненная фиберглассовая рукоятка гасит вибрацию от удара и обеспечивает надёжный захват. Специальное порошковое антикоррозионное покрытие топора увеличивает срок службы инструмента.""]","[""https://leroymerlin.ru/product/topor-sturm-1015-07-1000-93864630/""]"
ce478e2c553792ce19db737127e22095c7fef7cc732b4f684a99db29f9d15bff,"[""Арт. 93864632""]","[""Топор Sturm! 1015-07-800""]","[{""url"":""https://res.cloudinary.com/lmru/image/upload/f_auto,q_auto,w_1200,h_1200,c_pad,b_white,d_photoiscoming.png/LMCode/93864632.jpg"",""path"":""Топор Sturm! 1015-07-800/93864632.jpg"",""checksum"":""e9f41a88be130c276baf2039f9d7ba12"",""status"":""downloaded""}]",[940],"[{""Вес, кг"":""1.2"",""Страна производства"":""Китай"",""Материал ручки"":""Стекловолокно/Фибергласс"",""Марка"":""STURM!"",""Гарантия (лет)"":""0."",""Основной материал"":""Сталь"",""Тип продукта"":""Топор""},{""Вес, кг"":""1.2"",""Страна производства"":""Китай"",""Материал ручки"":""Стекловолокно/Фибергласс"",""Марка"":""STURM!"",""Гарантия (лет)"":""0."",""Основной материал"":""Сталь"",""Тип продукта"":""Топор""},{""Вес, кг"":""1.2"",""Страна производства"":""Китай"",""Материал ручки"":""Стекловолокно/Фибергласс"",""Марка"":""STURM!"",""Гарантия (лет)"":""0."",""Основной материал"":""Сталь"",""Тип продукта"":""Топор""},{""Вес, кг"":""1.2"",""Страна производства"":""Китай"",""Материал ручки"":""Стекловолокно/Фибергласс"",""Марка"":""STURM!"",""Гарантия (лет)"":""0."",""Основной материал"":""Сталь"",""Тип продукта"":""Топор""},{""Вес, кг"":""1.2"",""Страна производства"":""Китай"",""Материал ручки"":""Стекловолокно/Фибергласс"",""Марка"":""STURM!"",""Гарантия (лет)"":""0."",""Основной материал"":""Сталь"",""Тип продукта"":""Топор""},{""Вес, кг"":""1.2"",""Страна производства"":""Китай"",""Материал ручки"":""Стекловолокно/Фибергласс"",""Марка"":""STURM!"",""Гарантия (лет)"":""0."",""Основной материал"":""Сталь"",""Тип продукта"":""Топор""},{""Вес, кг"":""1.2"",""Страна производства"":""Китай"",""Материал ручки"":""Стекловолокно/Фибергласс"",""Марка"":""STURM!"",""Гарантия (лет)"":""0."",""Основной материал"":""Сталь"",""Тип продукта"":""Топор""}]","[""1015-07-800 Топор 800 гр, ''Tomahawk'', ФИБЕРГЛАССОВОЕ ТОПОРИЩЕ Sturm! Топор изготовлен из кованой высококачественной стали, что обеспечивает сохранение формы на протяжении всего срока службы. Усиленное лезвие  закалено индукционным методом и держит заточку при самых тяжёлых условиях работы. Обрезиненная фиберглассовая рукоятка гасит вибрацию от удара и обеспечивает надёжный захват. Специальное порошковое антикоррозионное покрытие топора увеличивает срок службы инструмента.""]","[""https://leroymerlin.ru/product/topor-sturm-1015-07-800-93864632/""]"
2a473e709032649435793922f0057ee4f9091e20e1ed39ce72fad2e0ab115302,"[""Арт. 93834985""]","[""Топор МастерАлмаз с фиберглассовой рукояткой 600г""]","[{""url"":""https://res.cloudinary.com/lmru/image/upload/f_auto,q_auto,w_1200,h_1200,c_pad,b_white,d_photoiscoming.png/LMCode/93834985.jpg"",""path"":""Топор МастерАлмаз с фиберглассовой рукояткой 600г/93834985.jpg"",""checksum"":""fa87f00cecb014c8a7521b626c9b9310"",""status"":""downloaded""}]",[522],"[{""Вес, кг"":""0.8"",""Страна производства"":""Китай"",""Материал ручки"":""Двухкомпонентный"",""Марка"":""МАСТЕРАЛМАЗ"",""Гарантия (лет)"":""1."",""Основной материал"":""Кованая сталь"",""Тип продукта"":""Топор""},{""Вес, кг"":""0.8"",""Страна производства"":""Китай"",""Материал ручки"":""Двухкомпонентный"",""Марка"":""МАСТЕРАЛМАЗ"",""Гарантия (лет)"":""1."",""Основной материал"":""Кованая сталь"",""Тип продукта"":""Топор""},{""Вес, кг"":""0.8"",""Страна производства"":""Китай"",""Материал ручки"":""Двухкомпонентный"",""Марка"":""МАСТЕРАЛМАЗ"",""Гарантия (лет)"":""1."",""Основной материал"":""Кованая сталь"",""Тип продукта"":""Топор""},{""Вес, кг"":""0.8"",""Страна производства"":""Китай"",""Материал ручки"":""Двухкомпонентный"",""Марка"":""МАСТЕРАЛМАЗ"",""Гарантия (лет)"":""1."",""Основной материал"":""Кованая сталь"",""Тип продукта"":""Топор""},{""Вес, кг"":""0.8"",""Страна производства"":""Китай"",""Материал ручки"":""Двухкомпонентный"",""Марка"":""МАСТЕРАЛМАЗ"",""Гарантия (лет)"":""1."",""Основной материал"":""Кованая сталь"",""Тип продукта"":""Топор""},{""Вес, кг"":""0.8"",""Страна производства"":""Китай"",""Материал ручки"":""Двухкомпонентный"",""Марка"":""МАСТЕРАЛМАЗ"",""Гарантия (лет)"":""1."",""Основной материал"":""Кованая сталь"",""Тип продукта"":""Топор""},{""Вес, кг"":""0.8"",""Страна производства"":""Китай"",""Материал ручки"":""Двухкомпонентный"",""Марка"":""МАСТЕРАЛМАЗ"",""Гарантия (лет)"":""1."",""Основной материал"":""Кованая сталь"",""Тип продукта"":""Топор""}]","[""Боёк выполнен из кованой стали, лезвие отполировано\nФиберглассовая рукоятка амортизирует при ударе и не скользит в руке\nРабочая поверхность закалена до твердости 47 HRC""]","[""https://leroymerlin.ru/product/topor-masteralmaz-s-fiberglassovoy-rukoyatkoy-600g-93834985/""]"
01f588d6ecaac8730a4b5035e5d117002c76a2e4bedf80645599ebc9f8436ae9,"[""Арт. 93864622""]","[""Топор СОЮЗ 1015-05-1000С""]","[{""url"":""https://res.cloudinary.com/lmru/image/upload/f_auto,q_auto,w_1200,h_1200,c_pad,b_white,d_photoiscoming.png/LMCode/93864622.jpg"",""path"":""Топор СОЮЗ 1015-05-1000С/93864622.jpg"",""checksum"":""3672e445ec89b92e5a0bc1a9fb468d8c"",""status"":""downloaded""}]",[880],"[{""Вес, кг"":""1.5"",""Страна производства"":""Китай"",""Материал ручки"":""Стекловолокно/Фибергласс"",""Марка"":""СОЮЗ"",""Гарантия (лет)"":""0."",""Основной материал"":""Сталь"",""Тип продукта"":""Топор""},{""Вес, кг"":""1.5"",""Страна производства"":""Китай"",""Материал ручки"":""Стекловолокно/Фибергласс"",""Марка"":""СОЮЗ"",""Гарантия (лет)"":""0."",""Основной материал"":""Сталь"",""Тип продукта"":""Топор""},{""Вес, кг"":""1.5"",""Страна производства"":""Китай"",""Материал ручки"":""Стекловолокно/Фибергласс"",""Марка"":""СОЮЗ"",""Гарантия (лет)"":""0."",""Основной материал"":""Сталь"",""Тип продукта"":""Топор""},{""Вес, кг"":""1.5"",""Страна производства"":""Китай"",""Материал ручки"":""Стекловолокно/Фибергласс"",""Марка"":""СОЮЗ"",""Гарантия (лет)"":""0."",""Основной материал"":""Сталь"",""Тип продукта"":""Топор""},{""Вес, кг"":""1.5"",""Страна производства"":""Китай"",""Материал ручки"":""Стекловолокно/Фибергласс"",""Марка"":""СОЮЗ"",""Гарантия (лет)"":""0."",""Основной материал"":""Сталь"",""Тип продукта"":""Топор""},{""Вес, кг"":""1.5"",""Страна производства"":""Китай"",""Материал ручки"":""Стекловолокно/Фибергласс"",""Марка"":""СОЮЗ"",""Гарантия (лет)"":""0."",""Основной материал"":""Сталь"",""Тип продукта"":""Топор""},{""Вес, кг"":""1.5"",""Страна производства"":""Китай"",""Материал ручки"":""Стекловолокно/Фибергласс"",""Марка"":""СОЮЗ"",""Гарантия (лет)"":""0."",""Основной материал"":""Сталь"",""Тип продукта"":""Топор""}]","[""1015-05-1000С Топор 1000 гр, ОБРЕЗИНЕННАЯ РУКОЯТКА, ФИБЕРГЛАССОВОЕ ТОПОРИЩЕ СОЮЗ Топор изготовлен из кованой высококачественной стали, что обеспечивает сохранение формы на протяжении всего срока службы. Лезвие  закалено индукционным методом и держит заточку при самых тяжёлых условиях работы. Обрезиненная фиберглассовая рукоятка гасит вибрацию от удара и обеспечивает надёжный захват.""]","[""https://leroymerlin.ru/product/topor-soyuz-1015-05-1000s-93864622/""]"
7ae99d42b109f377e466566c5b9e785967811d8283115f35c4c07c7038362c0c,"[""Арт. 93864627""]","[""Топор СОЮЗ 1015-06-800С""]","[{""url"":""https://res.cloudinary.com/lmru/image/upload/f_auto,q_auto,w_1200,h_1200,c_pad,b_white,d_photoiscoming.png/LMCode/93864627.jpg"",""path"":""Топор СОЮЗ 1015-06-800С/93864627.jpg"",""checksum"":""0d4e982548ab2d082d04fc6daaccfb1c"",""status"":""downloaded""}]",[720],"[{""Вес, кг"":""1.0"",""Страна производства"":""Китай"",""Материал ручки"":""Дерево"",""Марка"":""СОЮЗ"",""Гарантия (лет)"":""0."",""Основной материал"":""Сталь"",""Тип продукта"":""Топор""},{""Вес, кг"":""1.0"",""Страна производства"":""Китай"",""Материал ручки"":""Дерево"",""Марка"":""СОЮЗ"",""Гарантия (лет)"":""0."",""Основной материал"":""Сталь"",""Тип продукта"":""Топор""},{""Вес, кг"":""1.0"",""Страна производства"":""Китай"",""Материал ручки"":""Дерево"",""Марка"":""СОЮЗ"",""Гарантия (лет)"":""0."",""Основной материал"":""Сталь"",""Тип продукта"":""Топор""},{""Вес, кг"":""1.0"",""Страна производства"":""Китай"",""Материал ручки"":""Дерево"",""Марка"":""СОЮЗ"",""Гарантия (лет)"":""0."",""Основной материал"":""Сталь"",""Тип продукта"":""Топор""},{""Вес, кг"":""1.0"",""Страна производства"":""Китай"",""Материал ручки"":""Дерево"",""Марка"":""СОЮЗ"",""Гарантия (лет)"":""0."",""Основной материал"":""Сталь"",""Тип продукта"":""Топор""},{""Вес, кг"":""1.0"",""Страна производства"":""Китай"",""Материал ручки"":""Дерево"",""Марка"":""СОЮЗ"",""Гарантия (лет)"":""0."",""Основной материал"":""Сталь"",""Тип продукта"":""Топор""},{""Вес, кг"":""1.0"",""Страна производства"":""Китай"",""Материал ручки"":""Дерево"",""Марка"":""СОЮЗ"",""Гарантия (лет)"":""0."",""Основной материал"":""Сталь"",""Тип продукта"":""Топор""}]","[""1015-06-800С Топор 800 гр, ДЕРЕВЯННАЯ РУКОЯТКА, КОВАНАЯ СТАЛЬ СОЮЗ Топор с деревянной рукояткой используется для колки, рубки, тески древесины, вырубке в ней пазов. Его вес обеспечивает большую силу удара при работе. Длительный срок службы и безопасность. Топорище (голова) изготовлено из штампованной инструментальной стали высокого качества. Утолщение у основания рукоятки, покрытое не проскальзывающим лаком, предотвращает соскальзывание ладони при работе. Рукоятка имеет удобную форму, обеспечивает надёжный хват во время работы.""]","[""https://leroymerlin.ru/product/topor-soyuz-1015-06-800s-93864627/""]"
721489acd48ff1e4f45dcc4402cb476fbbdadf03ef387408a6c22660c389669d,"[""Арт. 82584889""]","[""Топор Matrix фиберглассовое топорище 0.6 кг""]","[{""url"":""https://res.cloudinary.com/lmru/image/upload/f_auto,q_auto,w_1200,h_1200,c_pad,b_white,d_photoiscoming.png/LMCode/82584889.jpg"",""path"":""Топор Matrix фиберглассовое топорище 0.6 кг/82584889.jpg"",""checksum"":""f3d0cde22280ef91a7c2380a7db702e9"",""status"":""downloaded""},{""url"":""https://res.cloudinary.com/lmru/image/upload/f_auto,q_auto,w_1200,h_1200,c_pad,b_white,d_photoiscoming.png/LMCode/82584889_01.jpg"",""path"":""Топор Matrix фиберглассовое топорище 0.6 кг/82584889_01.jpg"",""checksum"":""f843dfe6ad1888f6d94fec39a67d104a"",""status"":""downloaded""},{""url"":""https://res.cloudinary.com/lmru/image/upload/f_auto,q_auto,w_1200,h_1200,c_pad,b_white,d_photoiscoming.png/LMCode/82584889_02.jpg"",""path"":""Топор Matrix фиберглассовое топорище 0.6 кг/82584889_02.jpg"",""checksum"":""336663bfae1f8d2bda5915f20c4deb7a"",""status"":""downloaded""},{""url"":""https://res.cloudinary.com/lmru/image/upload/f_auto,q_auto,w_1200,h_1200,c_pad,b_white,d_photoiscoming.png/LMCode/82584889_03.jpg"",""path"":""Топор Matrix фиберглассовое топорище 0.6 кг/82584889_03.jpg"",""checksum"":""5df1c30a7115f410c1a668e5866b8988"",""status"":""downloaded""}]",[641],"[{""Вес, кг"":""0.6"",""Страна производства"":""Китай"",""Материал ручки"":""Композитный"",""Длина ручки (см)"":""28.0"",""Применение продукта"":""Колоть"",""Гарантия (лет)"":""0"",""Основной материал"":""Сталь"",""Хвостовик"":""Овал"",""Ручка"":""Да"",""Тип продукта"":""Топор""},{""Вес, кг"":""0.6"",""Страна производства"":""Китай"",""Материал ручки"":""Композитный"",""Длина ручки (см)"":""28.0"",""Применение продукта"":""Колоть"",""Гарантия (лет)"":""0"",""Основной материал"":""Сталь"",""Хвостовик"":""Овал"",""Ручка"":""Да"",""Тип продукта"":""Топор""},{""Вес, кг"":""0.6"",""Страна производства"":""Китай"",""Материал ручки"":""Композитный"",""Длина ручки (см)"":""28.0"",""Применение продукта"":""Колоть"",""Гарантия (лет)"":""0"",""Основной материал"":""Сталь"",""Хвостовик"":""Овал"",""Ручка"":""Да"",""Тип продукта"":""Топор""},{""Вес, кг"":""0.6"",""Страна производства"":""Китай"",""Материал ручки"":""Композитный"",""Длина ручки (см)"":""28.0"",""Применение продукта"":""Колоть"",""Гарантия (лет)"":""0"",""Основной материал"":""Сталь"",""Хвостовик"":""Овал"",""Ручка"":""Да"",""Тип продукта"":""Топор""},{""Вес, кг"":""0.6"",""Страна производства"":""Китай"",""Материал ручки"":""Композитный"",""Длина ручки (см)"":""28.0"",""Применение продукта"":""Колоть"",""Гарантия (лет)"":""0"",""Основной материал"":""Сталь"",""Хвостовик"":""Овал"",""Ручка"":""Да"",""Тип продукта"":""Топор""},{""Вес, кг"":""0.6"",""Страна производства"":""Китай"",""Материал ручки"":""Композитный"",""Длина ручки (см)"":""28.0"",""Применение продукта"":""Колоть"",""Гарантия (лет)"":""0"",""Основной материал"":""Сталь"",""Хвостовик"":""Овал"",""Ручка"":""Да"",""Тип продукта"":""Топор""},{""Вес, кг"":""0.6"",""Страна производства"":""Китай"",""Материал ручки"":""Композитный"",""Длина ручки (см)"":""28.0"",""Применение продукта"":""Колоть"",""Гарантия (лет)"":""0"",""Основной материал"":""Сталь"",""Хвостовик"":""Овал"",""Ручка"":""Да"",""Тип продукта"":""Топор""},{""Вес, кг"":""0.6"",""Страна производства"":""Китай"",""Материал ручки"":""Композитный"",""Длина ручки (см)"":""28.0"",""Применение продукта"":""Колоть"",""Гарантия (лет)"":""0"",""Основной материал"":""Сталь"",""Хвостовик"":""Овал"",""Ручка"":""Да"",""Тип продукта"":""Топор""},{""Вес, кг"":""0.6"",""Страна производства"":""Китай"",""Материал ручки"":""Композитный"",""Длина ручки (см)"":""28.0"",""Применение продукта"":""Колоть"",""Гарантия (лет)"":""0"",""Основной материал"":""Сталь"",""Хвостовик"":""Овал"",""Ручка"":""Да"",""Тип продукта"":""Топор""},{""Вес, кг"":""0.6"",""Страна производства"":""Китай"",""Материал ручки"":""Композитный"",""Длина ручки (см)"":""28.0"",""Применение продукта"":""Колоть"",""Гарантия (лет)"":""0"",""Основной материал"":""Сталь"",""Хвостовик"":""Овал"",""Ручка"":""Да"",""Тип продукта"":""Топор""}]","["" произведен методом свободной ковки, весит 600 г, используется для плотницких работ. Топорище эргономичное, изготовлено из фибергласса, легко поглощает колебания, отличается прочностью и устойчивостью к повреждениям. Длина рукояти — 28 см.""]","[""https://leroymerlin.ru/product/topor-matrix-fiberglassovoe-toporishche-0-6-kg-82584889/""]"